{
  "id": "",
  "name": "",
  "font_family": "iconfont",
  "css_prefix_text": "icon-",
  "description": "",
  "glyphs": [
    {
      "icon_id": "1933319",
      "name": "消息",
      "font_class": "xiaoxi",
      "unicode": "e612",
      "unicode_decimal": 58898
    },
    {
      "icon_id": "4474981",
      "name": "放大镜",
      "font_class": "fangdajing",
      "unicode": "e60d",
      "unicode_decimal": 58893
    },
    {
      "icon_id": "6647795",
      "name": "vivo",
      "font_class": "vivo",
      "unicode": "e605",
      "unicode_decimal": 58885
    },
    {
      "icon_id": "14028326",
      "name": "地球",
      "font_class": "diqiu",
      "unicode": "e64d",
      "unicode_decimal": 58957
    }
  ]
}
